<?xml version="1.0" encoding="UTF-8"?>
<project-private xmlns="http://www.netbeans.org/ns/project-private/1">
    <editor-bookmarks xmlns="http://www.netbeans.org/ns/editor-bookmarks/2" lastBookmarkId="0"/>
    <open-files xmlns="http://www.netbeans.org/ns/projectui-open-files/2">
        <group>
            <file>file:/D:/School/CS3330/Challenges/Final%20Project/JdskgdBudget/src/jdskgdbudget/JdskgdBudgetController.java</file>
            <file>file:/D:/School/CS3330/Challenges/Final%20Project/JdskgdBudget/src/jdskgdbudget/Budget.java</file>
            <file>file:/D:/School/CS3330/Challenges/Final%20Project/JdskgdBudget/src/jdskgdbudget/CurrencyConverter.java</file>
            <file>file:/D:/School/CS3330/Challenges/Final%20Project/JdskgdBudget/src/jdskgdbudget/CurrencyConverterManager.java</file>
            <file>file:/D:/School/CS3330/Challenges/Final%20Project/JdskgdBudget/src/jdskgdbudget/Switchable.java</file>
            <file>file:/D:/School/CS3330/Challenges/Final%20Project/JdskgdBudget/src/jdskgdbudget/BudgetHistoryController.java</file>
            <file>file:/D:/School/CS3330/Challenges/Final%20Project/JdskgdBudget/src/jdskgdbudget/JdskgdBudget.java</file>
        </group>
    </open-files>
</project-private>
